{
  "IoU": 0.5372234885456662,
  "Precision": 0.7386457178113482,
  "Recall": 0.7938784520334442,
  "F1": 0.740090450233574,
  "MAE": 0.07812027017648021
}