{
  "IoU": 0.2716690351627767,
  "Precision": 0.5952773178906823,
  "Recall": 0.581146669547371,
  "F1": 0.5281795775106176,
  "MAE": 0.14074750191904603
}