{
  "IoU": 0.3770732945948839,
  "Precision": 0.5905942292468382,
  "Recall": 0.7190770228109292,
  "F1": 0.609010442477477,
  "MAE": 0.13034061418473722
}