{
  "IoU": 0.3414948728916546,
  "Precision": 0.6468146809100357,
  "Recall": 0.629166030189422,
  "F1": 0.5932220455589303,
  "MAE": 0.11983551224165906
}