{
  "IoU": 0.16101462208552586,
  "Precision": 0.2548190337973841,
  "Recall": 0.4740707015279352,
  "F1": 0.25134321887872274,
  "MAE": 0.3847489900837342
}