{
  "IoU": 0.45558349618315697,
  "Precision": 0.6831052234923684,
  "Recall": 0.7297663298080291,
  "F1": 0.6692063884973841,
  "MAE": 0.10495381597119073
}