{
  "IoU": 0.38034578250845275,
  "Precision": 0.6305885256741559,
  "Recall": 0.6819568029632909,
  "F1": 0.6167791929475454,
  "MAE": 0.11835459216932456
}