{
  "IoU": 0.18609176050747434,
  "Precision": 0.19152158468304287,
  "Recall": 0.9345884400110404,
  "F1": 0.2900846077309381,
  "MAE": 0.6500147198836008
}